label,score_id,performance_id
match,n6-1,n1
match,n16-1,n10
match,n9-1,n4
match,n12-1,n8
match,n8-1,n3
match,n11-1,n9
match,n7-1,n2
match,n10-1,n7
match,n1-1,n0
match,n5-1,n6
match,n4-1,n5
match,n26-1,n19
match,n29-1,n21
match,n19-1,n11
match,n22-1,n18
match,n28-1,n20
match,n18-1,n12
match,n21-1,n17
match,n27-1,n22
match,n17-1,n13
match,n20-1,n16
match,n15-1,n15
match,n14-1,n14
match,n38-1,n32
match,n32-1,n25
match,n41-1,n34
match,n44-1,n39
match,n31-1,n27
match,n40-1,n33
match,n43-1,n38
match,n30-1,n26
match,n39-1,n35
match,n42-1,n37
match,n25-1,n24
match,n33-1,n28
match,n37-1,n36
match,n24-1,n23
match,n36-1,n29
match,n34-1,n31
match,n35-1,n30
match,n48-1,n40
match,n58-1,n50
match,n51-1,n43
match,n54-1,n48
match,n50-1,n41
match,n53-1,n47
match,n49-1,n42
match,n52-1,n46
match,n47-1,n45
match,n55-1,n49
match,n46-1,n44
match,n68-1,n60
match,n71-1,n61
match,n70-1,n63
match,n61-1,n53
match,n64-1,n57
match,n60-1,n51
match,n63-1,n58
match,n69-1,n62
match,n59-1,n52
match,n62-1,n56
match,n57-1,n55
match,n65-1,n59
match,n56-1,n54
match,n74-1,n66
match,n73-1,n68
match,n77-1,n71
match,n76-1,n70
match,n72-1,n67
match,n75-1,n69
match,n66-1,n64
match,n67-1,n65
match,n1-2,n72
match,n6-2,n73
match,n16-2,n82
match,n9-2,n76
match,n12-2,n81
match,n8-2,n75
match,n11-2,n80
match,n7-2,n74
match,n10-2,n79
match,n5-2,n78
match,n4-2,n77
match,n26-2,n91
match,n29-2,n94
match,n19-2,n85
match,n22-2,n90
match,n28-2,n92
match,n18-2,n84
match,n21-2,n89
match,n27-2,n93
match,n17-2,n83
match,n20-2,n88
match,n15-2,n87
match,n14-2,n86
match,n38-2,n104
match,n32-2,n97
match,n41-2,n106
match,n44-2,n111
match,n31-2,n99
match,n40-2,n105
match,n43-2,n110
match,n30-2,n98
match,n39-2,n107
match,n42-2,n109
match,n25-2,n96
match,n33-2,n100
match,n37-2,n108
match,n24-2,n95
match,n34-2,n101
match,n36-2,n103
match,n35-2,n102
match,n48-2,n112
match,n58-2,n122
match,n51-2,n115
match,n54-2,n119
match,n50-2,n114
match,n53-2,n120
match,n49-2,n113
match,n52-2,n118
match,n47-2,n117
match,n55-2,n121
match,n46-2,n116
match,n68-2,n132
match,n71-2,n133
match,n70-2,n135
match,n61-2,n125
match,n64-2,n130
match,n60-2,n123
match,n63-2,n129
match,n69-2,n134
match,n59-2,n124
match,n62-2,n128
match,n57-2,n127
match,n65-2,n131
match,n56-2,n126
match,n74-2,n137
match,n73-2,n140
match,n77-2,n143
match,n76-2,n142
match,n72-2,n139
match,n75-2,n141
match,n79-1,n145
match,n66-2,n136
match,n67-2,n138
match,n78-1,n144
match,n86-1,n146
match,n99-1,n160
match,n89-1,n151
match,n92-1,n155
match,n88-1,n149
match,n91-1,n156
match,n87-1,n150
match,n90-1,n154
match,n83-1,n152
match,n85-1,n157
match,n94-1,n159
match,n81-1,n148
match,n82-1,n147
match,n84-1,n153
match,n93-1,n158
match,n111-1,n173
match,n102-1,n163
match,n105-1,n168
match,n114-1,n175
match,n113-1,n176
match,n101-1,n161
match,n104-1,n167
match,n100-1,n162
match,n103-1,n166
match,n112-1,n174
match,n95-1,n164
match,n96-1,n165
match,n98-1,n170
match,n106-1,n172
match,n97-1,n169
match,n107-1,n171
match,n125-1,n185
match,n130-1,n195
match,n117-1,n181
match,n128-1,n189
match,n116-1,n182
match,n127-1,n187
match,n129-1,n194
match,n126-1,n188
match,n115-1,n179
match,n120-1,n186
match,n124-1,n191
match,n108-1,n177
match,n110-1,n180
match,n119-1,n184
match,n123-1,n192
match,n109-1,n178
match,n118-1,n183
match,n122-1,n193
match,n121-1,n190
match,n142-1,n201
match,n152-1,n213
match,n144-1,n209
match,n141-1,n200
match,n143-1,n202
match,n134-1,n198
match,n137-1,n204
match,n140-1,n208
match,n147-1,n211
match,n133-1,n199
match,n136-1,n205
match,n139-1,n207
match,n146-1,n212
match,n132-1,n197
match,n135-1,n203
match,n138-1,n206
match,n145-1,n210
match,n131-1,n196
match,n164-1,n223
match,n153-1,n215
match,n154-1,n219
match,n165-1,n224
match,n151-1,n217
match,n157-1,n221
match,n156-1,n222
match,n150-1,n218
match,n148-1,n214
match,n149-1,n216
match,n155-1,n220
match,n170-1,n235
match,n166-1,n231
match,n169-1,n234
match,n168-1,n232
match,n160-1,n226
match,n163-1,n229
match,n159-1,n227
match,n162-1,n230
match,n167-1,n233
match,n79-2,n237
match,n158-1,n225
match,n161-1,n228
match,n78-2,n236
match,n86-2,n239
match,n99-2,n252
match,n89-2,n243
match,n92-2,n248
match,n88-2,n242
match,n91-2,n249
match,n87-2,n241
match,n90-2,n247
match,n83-2,n244
match,n85-2,n246
match,n94-2,n251
match,n81-2,n240
match,n82-2,n238
match,n84-2,n245
match,n93-2,n250
match,n111-2,n264
match,n102-2,n255
match,n105-2,n262
match,n114-2,n268
match,n113-2,n267
match,n101-2,n256
match,n104-2,n261
match,n100-2,n254
match,n103-2,n260
match,n112-2,n266
match,n95-2,n253
match,n96-2,n257
match,n98-2,n259
match,n106-2,n265
match,n97-2,n258
match,n107-2,n263
match,n125-2,n277
match,n130-2,n286
match,n117-2,n271
match,n128-2,n279
match,n116-2,n274
match,n127-2,n281
match,n129-2,n287
match,n126-2,n280
match,n115-2,n270
match,n120-2,n278
match,n124-2,n285
match,n108-2,n269
match,n110-2,n273
match,n119-2,n276
match,n123-2,n284
match,n109-2,n272
match,n118-2,n275
match,n122-2,n283
match,n121-2,n282
match,n142-2,n292
match,n152-2,n305
match,n144-2,n301
match,n141-2,n293
match,n143-2,n294
match,n134-2,n291
match,n137-2,n296
match,n140-2,n300
match,n147-2,n303
match,n133-2,n290
match,n136-2,n297
match,n139-2,n299
match,n146-2,n304
match,n132-2,n288
match,n135-2,n295
match,n138-2,n298
match,n145-2,n302
match,n131-2,n289
match,n164-2,n316
match,n153-2,n308
match,n154-2,n312
match,n165-2,n317
match,n151-2,n311
match,n157-2,n314
match,n156-2,n315
match,n150-2,n310
match,n148-2,n307
match,n149-2,n309
match,n155-2,n313
match,n170-2,n328
match,n166-2,n322
match,n169-2,n327
match,n168-2,n325
match,n160-2,n319
match,n163-2,n323
match,n159-2,n320
match,n162-2,n324
match,n167-2,n326
match,n158-2,n318
match,n161-2,n321
insertion,,n306
